Filename,Calibration,Time,Comp,w (ppt),T (K),P (MPa),Z (Ohm),Z± (Ohm),S (S/m),S± (S/m),associated
Default_20250813_111634_P_0_T_0.txt,Group 1 [Standard],2025-08-13 11:16:34,KCl,,,,11.524696487129756,0.03217851261130515,8.0,,False
Default_20250813_111727_P_0_T_0.txt,Group 1 [Standard],2025-08-13 11:17:27,KCl,,,,11.519123945514947,0.03254880415567661,8.0,,False
Default_20250813_111820_P_0_T_0.txt,Group 1 [Standard],2025-08-13 11:18:20,KCl,,,,11.526446070305054,0.03131997086385879,8.0,,False
Default_20250813_115907_P_0_T_0.txt,"Group 1 [→ 3 stds: 0, 1, 2]",2025-08-13 11:59:07,NaCl,1.0,,,11.132337239537506,0.03409478265511069,8.281044254910597,0.003992896285830462,True
Default_20250813_120000_P_0_T_0.txt,"Group 1 [→ 3 stds: 0, 1, 2]",2025-08-13 12:00:00,NaCl,1.0,,,11.129410467594377,0.03759705421458476,8.283221973852282,0.004404210989177384,True
Default_20250813_120053_P_0_T_0.txt,"Group 1 [→ 3 stds: 0, 1, 2]",2025-08-13 12:00:53,NaCl,1.0,,,11.136746189418163,0.03852761614638811,8.277765854877192,0.004510246456288037,True
Default_20250813_135054_P_3_T_293.txt,"Group 1 [→ 3 stds: 0, 1, 2]",2025-08-13 13:50:54,NaCl,0.5,293.08,2.0,19.61283141483167,0.07461323078291897,4.7003604625635615,0.004959775373213957,True
Default_20250813_135147_P_2_T_293.txt,"Group 1 [→ 3 stds: 0, 1, 2]",2025-08-13 13:51:47,NaCl,0.5,293.08,2.0,19.633120682185062,0.07807884168150049,4.695503014192209,0.005184781792714856,True
Default_20250813_135241_P_3_T_293.txt,"Group 1 [→ 3 stds: 0, 1, 2]",2025-08-13 13:52:41,NaCl,0.5,293.1,2.0,19.65553778558342,0.07735882462732543,4.690147801950006,0.005131110759232936,True
